[
    {
        "path": "20170821_115405.jpg",
        "caption": "Image 1"
    },
    {
        "path": "20171009_122111.jpg",
        "caption": "Image 2"
    },
    {
        "path": "20171009_124809.jpg",
        "caption": "Image 3"
    },
    {
        "path": "20171225_164046.jpg",
        "caption": "Image 4"
    },
    {
        "path": "20171225_164054.jpg",
        "caption": "Image 5"
    },
    {
        "path": "20171225_164103.jpg",
        "caption": "Image 6"
    },
    {
        "path": "20171225_183449.jpg",
        "caption": "Image 7"
    },
    {
        "path": "20171225_191004.jpg",
        "caption": "Image 8"
    },
    {
        "path": "20171225_233810.jpg",
        "caption": "Image 9"
    },
    {
        "path": "20171226_130420.jpg",
        "caption": "Image 10"
    },
    {
        "path": "20171226_212605.jpg",
        "caption": "Image 11"
    },
    {
        "path": "20171228_115317.jpg",
        "caption": "Image 12"
    },
    {
        "path": "20180806_090930.jpg",
        "caption": "Image 13"
    },
    {
        "path": "20180806_124524.jpg",
        "caption": "Image 14"
    },
    {
        "path": "20180806_142256.jpg",
        "caption": "Image 15"
    },
    {
        "path": "20180807_125112.jpg",
        "caption": "Image 16"
    },
    {
        "path": "20180807_191206.jpg",
        "caption": "Image 17"
    },
    {
        "path": "20180818_153555.jpg",
        "caption": "Image 18"
    },
    {
        "path": "20180821_161807.jpg",
        "caption": "Image 19"
    },
    {
        "path": "20180821_193719.jpg",
        "caption": "Image 20"
    }
]
