<lesson>
    <meta>
        <course>COMP 466 - Advanced Technologies for Web-Based System</course>
        <tutor>Min Soung Choi</tutor>
        <unit>3</unit>
        <order>1</order>
        <type>topic</type>
    </meta>
    <name>Extended Markup Language (XML)</name>
    <content>
        <point>XML is a portable, widely supported, open technology for data storage and exchange.</point>
        <point>An XML parser is responsible for identifying components of XML documents and then storing those components in a data strucutre for manipulation.</point>
        <point>An XML document that conforms to a DTD/schema is valid.</point>
        <point>XML namespaces provided a means for document authors to prevent naming collisions.</point>
        <point>Each namespace prefix is bound to a uniform resource identifier (URI) that uniquely identifies the namespace</point>
        <point>To eliminate the need to place a namespace prefix in each element, authors can specify a default namespace for an element and its children.</point>
        <point>DTDs and schemas specify documents' element types and attributes, and their relationships to one another.</point>
        <point>A DTD expresses the set of rules for document structure using an EBNF grammar.</point>
        <point>Schemas use XML syntax not EBNF grammar.</point>
        <point>Two categories of types exist in XML Schema: simple types and complex types.</point>
        <point>Every simple type defines a restriction on an XML Schema-defined schema type or on a user-defined type.</point>
        <point>Complex types can have either simple content or complex content.</point>
        <point>XSL transfomration is used to convert XML into any text-based document.</point>
        <point>XSL documents have the extension .xsl.</point>
        <point>Some XML parsers store document data as tree structures in memory called DOM tree.</point>
    </content>
</lesson>

