<?xml version="1.0"?>
<?xml-stylesheet type="text/xsl" href="resume.xsl"?>

<part1:resume
    xmlns:part1="http://localhost:8000/part1"
    xmlns:xsi="http://www.w3.org/2001/XMLSchema-instance"
    xsi:schemaLocation="http://localhost:8000/part1 resume.xsd">

    <generalInfo>
        <name>
            <first>Min Soung</first>
            <middle></middle>
            <last>Choi</last>
        </name>

        <position>
            Software Engineer
        </position>

        <phoneNumber>
            <type>home</type>
            <number>780-988-5800</number>
        </phoneNumber>

        <phoneNumber>
            <type>cell</type>
            <number>639-916-0722</number>
        </phoneNumber>

        <email>m.choi960@gmail.com</email>

        <address>
            <number>11611</number>
            <street>37 Avenue NW</street>
            <city>Edmonton</city>
            <province>AB</province>
            <postalCode>T6J 0J1</postalCode>
        </address>

        <website>https://happy96026.github.io</website>
    </generalInfo>

    <educationalBackground>
        <education>
            <institution>University of Alberta</institution>
            <location>
                <city>Edmonton</city>
                <province>AB</province>
            </location>
            <degree>Bsc in Computer Engineering: Software Options</degree>
            <period>
                <start>
                    <month>Sep</month>
                    <year>2014</year>
                </start>
                <end>
                    <month>Apr</month>
                    <year>2019</year>
                </end>
            </period>
        </education>

        <education>
            <institution>Harry Ainlay High School</institution>
            <location>
                <city>Edmonton</city>
                <province>AB</province>
            </location>
            <degree>High School Diploma</degree>
            <period>
                <start>
                    <month>Sep</month>
                    <year>2011</year>
                </start>
                <end>
                    <month>Apr</month>
                    <year>2014</year>
                </end>
            </period>
        </education>
    </educationalBackground>

    <workExperience>
        <work>
            <name>Microsemi</name>
            <location>
                <city>Saskatoon</city>
                <province>SK</province>
            </location>
            <position>Product Development Engineer</position>
            <period>
                <start>
                    <month>Jan</month>
                    <year>2017</year>
                </start>
                <end>
                    <month>Aug</month>
                    <year>2017</year>
                </end>
            </period>
            <description>
                <point>
                    verified the functionality and the correctness of a single chip
                    by writing testcases in SystemVerilog (SV)
                </point>
                <point>
                    performed hardware simulation using SimVision
                </point>
                <point>
                    managed and kept track of software versions using Subversion (SVN)
                </point>
                <point>
                    received training in Universal Verification Methodology (UVM)
                </point>
            </description>
        </work>

        <work>
            <name>Alberta Computers For Schools</name>
            <location>
                <city>Edmonton</city>
                <province>AB</province>
            </location>
            <position>Computer Repair Technician</position>
            <period>
                <start>
                    <month>May</month>
                    <year>2016</year>
                </start>
                <end>
                    <month>Aug</month>
                    <year>2016</year>
                </end>
            </period>
            <description>
                <point>
                    prepared on average of 3.2 computers per day which includes installation,
                    testing and configuration of operating system, application software and
                    device driver
                </point>
                <point>
                    coordinated the prepartion of orders as large as 150 computers per order and
                    a total of 400-600 computers per month
                </point>
                <point>
                    refurbished desktops and laptops by applying best practices for assembling,
                    disassembling and repairs using research of online resources such as support
                    websites
                </point>
            </description>
        </work>
    </workExperience>

</part1:resume>
