{
    "unit": 3,
    "questions": [
        {
            "question": "A DTD expresses the set of rules for document structure using an XML syntax.",
            "choices": ["True", "False"],
            "answer": 1
        },
        {
            "question": "Complex types in XML Schema can have either simple content or complex content.",
            "choices": ["True", "False"],
            "answer": 0
        },
        {
            "question": "Ajax requests are useful because they are asynchronous.",
            "choices": ["True", "False"],
            "answer": 0
        },
        {
            "question": "Which category of types exist in XML Schema?",
            "choices": ["complex", "compound", "hybrid", "None of the above"],
            "answer": 0
        },
        {
            "question": "What extension does an XSL document have?",
            "choices": ["xml", "xsd", "xsl", "None of the above"],
            "answer": 2
        },
        {
            "question": "When the third argument to XMLHttpRequest method open is true, the request is?",
            "choices": ["synchronous", "asynchronous", "blocked", "None of the above"],
            "answer": 1
        },
        {
            "question": "When an exception is raised, what type of block is used to handle the exception?",
            "choices": ["if-else", "for", "while", "try-catch"],
            "answer": 3
        }
    ]
}
