{
    "unit": 1,
    "questions": [
        {
            "question": "Support for HTML5, CSS3 and JavaScript features is universal for all browsers.",
            "choices": ["True", "False"],
            "answer": 1
        },
        {
            "question": "HTTP status code 404 indicates that the request was made succesfully.",
            "choices": ["True", "False"],
            "answer": 1
        },
        {
            "question": "HTML5 elements and attribute names are case insensitive.",
            "choices": ["True", "False"],
            "answer": 0
        },
        {
            "question": "The margin property determines the distance between the content inside an element and the inside of the element's border.",
            "choices": ["True", "False"],
            "answer": 1
        },
        {
            "question": "The top tier of the web application represents",
            "choices": [
                "Business Logic",
                "Controller Logic",
                "Application's User Interface",
                "All of the Above"
            ],
            "answer": 2
        },
        {
            "question": "A comment in HTML start with",
            "choices": ["<!--", "#", "//", "\"\"\""],
            "answer": 0
        },
        {
            "question": "In CSS, classes are selected by",
            "choices": [",", ".", "#", ">"],
            "answer": 1
        }
    ]
}
